{
  "accuracy": 0.8943421052631579,
  "precision": {
    "micro": 0.8943421052631579,
    "macro": 0.895496729956556,
    "per_class": {
      "worldsportsbusinesssci/tech": 0.9087026161238655
    }
  },
  "recall": {
    "micro": 0.8943421052631579,
    "macro": 0.8943421052631579,
    "per_class": {
      "worldsportsbusinesssci/tech": 0.8957894736842106
    }
  },
  "f1": {
    "micro": 0.8943421052631579,
    "macro": 0.8945301770957471,
    "weighted": 0.894530177095747,
    "per_class": {
      "worldsportsbusinesssci/tech": 0.9021998409753512
    }
  },
  "support": {
    "worldsportsbusinesssci/tech": 1900
  },
  "confusion_matrix": [
    [
      1702,
      38,
      100,
      60
    ],
    [
      44,
      1821,
      22,
      13
    ],
    [
      67,
      14,
      1680,
      139
    ],
    [
      60,
      17,
      229,
      1594
    ]
  ],
  "class_report": {
    "0": {
      "precision": 0.9087026161238655,
      "recall": 0.8957894736842106,
      "f1-score": 0.9021998409753512,
      "support": 1900.0
    },
    "1": {
      "precision": 0.9634920634920635,
      "recall": 0.958421052631579,
      "f1-score": 0.9609498680738786,
      "support": 1900.0
    },
    "2": {
      "precision": 0.827178729689808,
      "recall": 0.8842105263157894,
      "f1-score": 0.8547443398626304,
      "support": 1900.0
    },
    "3": {
      "precision": 0.8826135105204873,
      "recall": 0.8389473684210527,
      "f1-score": 0.8602266594711279,
      "support": 1900.0
    },
    "accuracy": 0.8943421052631579,
    "macro avg": {
      "precision": 0.895496729956556,
      "recall": 0.8943421052631579,
      "f1-score": 0.8945301770957471,
      "support": 7600.0
    },
    "weighted avg": {
      "precision": 0.895496729956556,
      "recall": 0.8943421052631579,
      "f1-score": 0.894530177095747,
      "support": 7600.0
    }
  },
  "actor_critic": {
    "reward_mse": 0.09867625683546066,
    "avg_confidence": 0.9842844605445862,
    "avg_confidence_correct": 0.991002082824707,
    "avg_confidence_incorrect": 0.9274227619171143,
    "confidence_gap": 0.06357932090759277,
    "reward_correlation": 0.27962449042070725
  }
}