{
  "accuracy": 0.8938157894736842,
  "precision": {
    "micro": 0.8938157894736842,
    "macro": 0.8945271069943003,
    "per_class": {
      "worldsportsbusinesssci/tech": 0.8940568475452196
    }
  },
  "recall": {
    "micro": 0.8938157894736842,
    "macro": 0.8938157894736842,
    "per_class": {
      "worldsportsbusinesssci/tech": 0.9105263157894737
    }
  },
  "f1": {
    "micro": 0.8938157894736842,
    "macro": 0.8937546900767919,
    "weighted": 0.8937546900767919,
    "per_class": {
      "worldsportsbusinesssci/tech": 0.9022164276401565
    }
  },
  "support": {
    "worldsportsbusinesssci/tech": 1900
  },
  "confusion_matrix": [
    [
      1730,
      46,
      57,
      67
    ],
    [
      54,
      1806,
      19,
      21
    ],
    [
      78,
      15,
      1575,
      232
    ],
    [
      73,
      21,
      124,
      1682
    ]
  ],
  "class_report": {
    "0": {
      "precision": 0.8940568475452196,
      "recall": 0.9105263157894737,
      "f1-score": 0.9022164276401565,
      "support": 1900.0
    },
    "1": {
      "precision": 0.9565677966101694,
      "recall": 0.9505263157894737,
      "f1-score": 0.9535374868004223,
      "support": 1900.0
    },
    "2": {
      "precision": 0.8873239436619719,
      "recall": 0.8289473684210527,
      "f1-score": 0.8571428571428571,
      "support": 1900.0
    },
    "3": {
      "precision": 0.8401598401598401,
      "recall": 0.8852631578947369,
      "f1-score": 0.8621219887237314,
      "support": 1900.0
    },
    "accuracy": 0.8938157894736842,
    "macro avg": {
      "precision": 0.8945271069943003,
      "recall": 0.8938157894736842,
      "f1-score": 0.8937546900767919,
      "support": 7600.0
    },
    "weighted avg": {
      "precision": 0.8945271069943003,
      "recall": 0.8938157894736842,
      "f1-score": 0.8937546900767919,
      "support": 7600.0
    }
  },
  "actor_critic": {
    "reward_mse": 0.09749732911586761,
    "avg_confidence": 0.9831690192222595,
    "avg_confidence_correct": 0.9919692873954773,
    "avg_confidence_incorrect": 0.9090918302536011,
    "confidence_gap": 0.08287745714187622,
    "reward_correlation": 0.3093595221904574
  }
}