{
  "accuracy": 0.896578947368421,
  "precision": {
    "micro": 0.896578947368421,
    "macro": 0.8962767503264626,
    "per_class": {
      "worldsportsbusinesssci/tech": 0.8970893970893971
    }
  },
  "recall": {
    "micro": 0.896578947368421,
    "macro": 0.896578947368421,
    "per_class": {
      "worldsportsbusinesssci/tech": 0.9084210526315789
    }
  },
  "f1": {
    "micro": 0.8965789473684211,
    "macro": 0.8963978248402649,
    "weighted": 0.8963978248402649,
    "per_class": {
      "worldsportsbusinesssci/tech": 0.9027196652719666
    }
  },
  "support": {
    "worldsportsbusinesssci/tech": 1900
  },
  "confusion_matrix": [
    [
      1726,
      49,
      69,
      56
    ],
    [
      37,
      1832,
      13,
      18
    ],
    [
      78,
      18,
      1632,
      172
    ],
    [
      83,
      19,
      174,
      1624
    ]
  ],
  "class_report": {
    "0": {
      "precision": 0.8970893970893971,
      "recall": 0.9084210526315789,
      "f1-score": 0.9027196652719666,
      "support": 1900.0
    },
    "1": {
      "precision": 0.9551616266944735,
      "recall": 0.9642105263157895,
      "f1-score": 0.959664745940283,
      "support": 1900.0
    },
    "2": {
      "precision": 0.864406779661017,
      "recall": 0.8589473684210527,
      "f1-score": 0.8616684266103484,
      "support": 1900.0
    },
    "3": {
      "precision": 0.8684491978609625,
      "recall": 0.8547368421052631,
      "f1-score": 0.8615384615384615,
      "support": 1900.0
    },
    "accuracy": 0.896578947368421,
    "macro avg": {
      "precision": 0.8962767503264626,
      "recall": 0.896578947368421,
      "f1-score": 0.8963978248402649,
      "support": 7600.0
    },
    "weighted avg": {
      "precision": 0.8962767503264626,
      "recall": 0.896578947368421,
      "f1-score": 0.8963978248402649,
      "support": 7600.0
    }
  },
  "actor_critic": {
    "reward_mse": 0.09719529002904892,
    "avg_confidence": 0.9837936758995056,
    "avg_confidence_correct": 0.9908751249313354,
    "avg_confidence_incorrect": 0.9224037528038025,
    "confidence_gap": 0.06847137212753296,
    "reward_correlation": 0.28951807388638306
  }
}