{
  "accuracy": 0.8944736842105263,
  "precision": {
    "micro": 0.8944736842105263,
    "macro": 0.8944937113935638,
    "per_class": {
      "worldsportsbusinesssci/tech": 0.8745627186406797
    }
  },
  "recall": {
    "micro": 0.8944736842105263,
    "macro": 0.8944736842105263,
    "per_class": {
      "worldsportsbusinesssci/tech": 0.9210526315789473
    }
  },
  "f1": {
    "micro": 0.8944736842105263,
    "macro": 0.8939992047100078,
    "weighted": 0.8939992047100079,
    "per_class": {
      "worldsportsbusinesssci/tech": 0.8972058446552166
    }
  },
  "support": {
    "worldsportsbusinesssci/tech": 1900
  },
  "confusion_matrix": [
    [
      1750,
      43,
      58,
      49
    ],
    [
      41,
      1842,
      6,
      11
    ],
    [
      101,
      20,
      1567,
      212
    ],
    [
      109,
      24,
      128,
      1639
    ]
  ],
  "class_report": {
    "0": {
      "precision": 0.8745627186406797,
      "recall": 0.9210526315789473,
      "f1-score": 0.8972058446552166,
      "support": 1900.0
    },
    "1": {
      "precision": 0.9548989113530326,
      "recall": 0.9694736842105263,
      "f1-score": 0.9621311047270827,
      "support": 1900.0
    },
    "2": {
      "precision": 0.8908470722001137,
      "recall": 0.8247368421052632,
      "f1-score": 0.8565181743645806,
      "support": 1900.0
    },
    "3": {
      "precision": 0.8576661433804291,
      "recall": 0.8626315789473684,
      "f1-score": 0.8601416950931514,
      "support": 1900.0
    },
    "accuracy": 0.8944736842105263,
    "macro avg": {
      "precision": 0.8944937113935638,
      "recall": 0.8944736842105263,
      "f1-score": 0.8939992047100078,
      "support": 7600.0
    },
    "weighted avg": {
      "precision": 0.8944937113935638,
      "recall": 0.8944736842105263,
      "f1-score": 0.8939992047100079,
      "support": 7600.0
    }
  },
  "actor_critic": {
    "reward_mse": 0.09312911331653595,
    "avg_confidence": 0.9795464277267456,
    "avg_confidence_correct": 0.9889585375785828,
    "avg_confidence_incorrect": 0.8997668623924255,
    "confidence_gap": 0.08919167518615723,
    "reward_correlation": 0.31678604659226334
  }
}