{
  "accuracy": 0.8921052631578947,
  "precision": {
    "micro": 0.8921052631578947,
    "macro": 0.8916273010543729,
    "per_class": {
      "worldsportsbusinesssci/tech": 0.9152078774617067
    }
  },
  "recall": {
    "micro": 0.8921052631578947,
    "macro": 0.8921052631578947,
    "per_class": {
      "worldsportsbusinesssci/tech": 0.8805263157894737
    }
  },
  "f1": {
    "micro": 0.8921052631578947,
    "macro": 0.8915268045585885,
    "weighted": 0.8915268045585885,
    "per_class": {
      "worldsportsbusinesssci/tech": 0.8975321888412018
    }
  },
  "support": {
    "worldsportsbusinesssci/tech": 1900
  },
  "confusion_matrix": [
    [
      1673,
      83,
      85,
      59
    ],
    [
      13,
      1869,
      10,
      8
    ],
    [
      68,
      34,
      1618,
      180
    ],
    [
      74,
      37,
      169,
      1620
    ]
  ],
  "class_report": {
    "0": {
      "precision": 0.9152078774617067,
      "recall": 0.8805263157894737,
      "f1-score": 0.8975321888412018,
      "support": 1900.0
    },
    "1": {
      "precision": 0.9238754325259516,
      "recall": 0.9836842105263158,
      "f1-score": 0.9528422125924039,
      "support": 1900.0
    },
    "2": {
      "precision": 0.8597236981934112,
      "recall": 0.8515789473684211,
      "f1-score": 0.8556319407720783,
      "support": 1900.0
    },
    "3": {
      "precision": 0.8677021960364221,
      "recall": 0.8526315789473684,
      "f1-score": 0.8601008760286699,
      "support": 1900.0
    },
    "accuracy": 0.8921052631578947,
    "macro avg": {
      "precision": 0.8916273010543729,
      "recall": 0.8921052631578947,
      "f1-score": 0.8915268045585885,
      "support": 7600.0
    },
    "weighted avg": {
      "precision": 0.8916273010543729,
      "recall": 0.8921052631578947,
      "f1-score": 0.8915268045585885,
      "support": 7600.0
    }
  },
  "actor_critic": {
    "reward_mse": 0.09468511492013931,
    "avg_confidence": 0.9742142558097839,
    "avg_confidence_correct": 0.985637903213501,
    "avg_confidence_incorrect": 0.8797606229782104,
    "confidence_gap": 0.10587728023529053,
    "reward_correlation": 0.3320005981832423
  }
}