{
  "accuracy": 0.8892105263157895,
  "precision": {
    "micro": 0.8892105263157895,
    "macro": 0.8910784946616865,
    "per_class": {
      "worldsportsbusinesssci/tech": 0.905982905982906
    }
  },
  "recall": {
    "micro": 0.8892105263157895,
    "macro": 0.8892105263157895,
    "per_class": {
      "worldsportsbusinesssci/tech": 0.8926315789473684
    }
  },
  "f1": {
    "micro": 0.8892105263157895,
    "macro": 0.8897512340628335,
    "weighted": 0.8897512340628334,
    "per_class": {
      "worldsportsbusinesssci/tech": 0.8992576882290563
    }
  },
  "support": {
    "worldsportsbusinesssci/tech": 1900
  },
  "confusion_matrix": [
    [
      1696,
      34,
      90,
      80
    ],
    [
      53,
      1781,
      44,
      22
    ],
    [
      66,
      8,
      1678,
      148
    ],
    [
      57,
      11,
      229,
      1603
    ]
  ],
  "class_report": {
    "0": {
      "precision": 0.905982905982906,
      "recall": 0.8926315789473684,
      "f1-score": 0.8992576882290563,
      "support": 1900.0
    },
    "1": {
      "precision": 0.9711014176663032,
      "recall": 0.9373684210526316,
      "f1-score": 0.9539367970005356,
      "support": 1900.0
    },
    "2": {
      "precision": 0.8221460068593827,
      "recall": 0.8831578947368421,
      "f1-score": 0.851560517635118,
      "support": 1900.0
    },
    "3": {
      "precision": 0.8650836481381543,
      "recall": 0.8436842105263158,
      "f1-score": 0.8542499333866241,
      "support": 1900.0
    },
    "accuracy": 0.8892105263157895,
    "macro avg": {
      "precision": 0.8910784946616865,
      "recall": 0.8892105263157895,
      "f1-score": 0.8897512340628335,
      "support": 7600.0
    },
    "weighted avg": {
      "precision": 0.8910784946616866,
      "recall": 0.8892105263157895,
      "f1-score": 0.8897512340628334,
      "support": 7600.0
    }
  },
  "actor_critic": {
    "reward_mse": 0.10321131348609924,
    "avg_confidence": 0.9815737009048462,
    "avg_confidence_correct": 0.9902940392494202,
    "avg_confidence_incorrect": 0.9115831255912781,
    "confidence_gap": 0.07871091365814209,
    "reward_correlation": 0.32270268991970097
  }
}