{
  "accuracy": 0.8971052631578947,
  "precision": {
    "micro": 0.8971052631578947,
    "macro": 0.8977177274818733,
    "per_class": {
      "worldsportsbusinesssci/tech": 0.8965696465696466
    }
  },
  "recall": {
    "micro": 0.8971052631578947,
    "macro": 0.8971052631578947,
    "per_class": {
      "worldsportsbusinesssci/tech": 0.9078947368421053
    }
  },
  "f1": {
    "micro": 0.8971052631578947,
    "macro": 0.8970990631870699,
    "weighted": 0.89709906318707,
    "per_class": {
      "worldsportsbusinesssci/tech": 0.9021966527196653
    }
  },
  "support": {
    "worldsportsbusinesssci/tech": 1900
  },
  "confusion_matrix": [
    [
      1725,
      43,
      69,
      63
    ],
    [
      49,
      1814,
      12,
      25
    ],
    [
      82,
      11,
      1589,
      218
    ],
    [
      68,
      15,
      127,
      1690
    ]
  ],
  "class_report": {
    "0": {
      "precision": 0.8965696465696466,
      "recall": 0.9078947368421053,
      "f1-score": 0.9021966527196653,
      "support": 1900.0
    },
    "1": {
      "precision": 0.9633563462559745,
      "recall": 0.9547368421052631,
      "f1-score": 0.9590272270684642,
      "support": 1900.0
    },
    "2": {
      "precision": 0.8842515303283249,
      "recall": 0.8363157894736842,
      "f1-score": 0.8596159047876657,
      "support": 1900.0
    },
    "3": {
      "precision": 0.8466933867735471,
      "recall": 0.8894736842105263,
      "f1-score": 0.8675564681724846,
      "support": 1900.0
    },
    "accuracy": 0.8971052631578947,
    "macro avg": {
      "precision": 0.8977177274818733,
      "recall": 0.8971052631578947,
      "f1-score": 0.8970990631870699,
      "support": 7600.0
    },
    "weighted avg": {
      "precision": 0.8977177274818733,
      "recall": 0.8971052631578947,
      "f1-score": 0.89709906318707,
      "support": 7600.0
    }
  },
  "actor_critic": {
    "reward_mse": 0.09753693640232086,
    "avg_confidence": 0.9856134057044983,
    "avg_confidence_correct": 0.9914959669113159,
    "avg_confidence_incorrect": 0.9343249201774597,
    "confidence_gap": 0.0571710467338562,
    "reward_correlation": 0.21369311895453733
  }
}