{
  "accuracy": 0.8963157894736842,
  "precision": {
    "micro": 0.8963157894736842,
    "macro": 0.8976275306296204,
    "per_class": {
      "worldsportsbusinesssci/tech": 0.8804238143289607
    }
  },
  "recall": {
    "micro": 0.8963157894736842,
    "macro": 0.8963157894736842,
    "per_class": {
      "worldsportsbusinesssci/tech": 0.9184210526315789
    }
  },
  "f1": {
    "micro": 0.8963157894736842,
    "macro": 0.8961651173451853,
    "weighted": 0.8961651173451853,
    "per_class": {
      "worldsportsbusinesssci/tech": 0.8990211231324059
    }
  },
  "support": {
    "worldsportsbusinesssci/tech": 1900
  },
  "confusion_matrix": [
    [
      1745,
      39,
      81,
      35
    ],
    [
      47,
      1825,
      16,
      12
    ],
    [
      95,
      12,
      1682,
      111
    ],
    [
      95,
      18,
      227,
      1560
    ]
  ],
  "class_report": {
    "0": {
      "precision": 0.8804238143289607,
      "recall": 0.9184210526315789,
      "f1-score": 0.8990211231324059,
      "support": 1900.0
    },
    "1": {
      "precision": 0.9635691657866948,
      "recall": 0.9605263157894737,
      "f1-score": 0.9620453347390616,
      "support": 1900.0
    },
    "2": {
      "precision": 0.8384845463609173,
      "recall": 0.8852631578947369,
      "f1-score": 0.8612391193036354,
      "support": 1900.0
    },
    "3": {
      "precision": 0.9080325960419092,
      "recall": 0.8210526315789474,
      "f1-score": 0.8623548922056384,
      "support": 1900.0
    },
    "accuracy": 0.8963157894736842,
    "macro avg": {
      "precision": 0.8976275306296204,
      "recall": 0.8963157894736842,
      "f1-score": 0.8961651173451853,
      "support": 7600.0
    },
    "weighted avg": {
      "precision": 0.8976275306296205,
      "recall": 0.8963157894736842,
      "f1-score": 0.8961651173451853,
      "support": 7600.0
    }
  },
  "actor_critic": {
    "reward_mse": 0.08229725062847137,
    "avg_confidence": 0.9590970873832703,
    "avg_confidence_correct": 0.9745131731033325,
    "avg_confidence_incorrect": 0.8258301615715027,
    "confidence_gap": 0.14868301153182983,
    "reward_correlation": 0.4380248094254188
  }
}