{
  "accuracy": 0.9001315789473684,
  "precision": {
    "micro": 0.9001315789473684,
    "macro": 0.90004654169567,
    "per_class": {
      "worldsportsbusinesssci/tech": 0.9002610966057442
    }
  },
  "recall": {
    "micro": 0.9001315789473684,
    "macro": 0.9001315789473684,
    "per_class": {
      "worldsportsbusinesssci/tech": 0.9073684210526316
    }
  },
  "f1": {
    "micro": 0.9001315789473684,
    "macro": 0.8995858700783533,
    "weighted": 0.8995858700783533,
    "per_class": {
      "worldsportsbusinesssci/tech": 0.9038007863695937
    }
  },
  "support": {
    "worldsportsbusinesssci/tech": 1900
  },
  "confusion_matrix": [
    [
      1724,
      53,
      66,
      57
    ],
    [
      30,
      1852,
      10,
      8
    ],
    [
      88,
      30,
      1580,
      202
    ],
    [
      73,
      46,
      96,
      1685
    ]
  ],
  "class_report": {
    "0": {
      "precision": 0.9002610966057442,
      "recall": 0.9073684210526316,
      "f1-score": 0.9038007863695937,
      "support": 1900.0
    },
    "1": {
      "precision": 0.9348813730439172,
      "recall": 0.9747368421052631,
      "f1-score": 0.9543931976294768,
      "support": 1900.0
    },
    "2": {
      "precision": 0.9018264840182648,
      "recall": 0.8315789473684211,
      "f1-score": 0.8652792990142388,
      "support": 1900.0
    },
    "3": {
      "precision": 0.8632172131147541,
      "recall": 0.8868421052631579,
      "f1-score": 0.874870197300104,
      "support": 1900.0
    },
    "accuracy": 0.9001315789473684,
    "macro avg": {
      "precision": 0.90004654169567,
      "recall": 0.9001315789473684,
      "f1-score": 0.8995858700783533,
      "support": 7600.0
    },
    "weighted avg": {
      "precision": 0.90004654169567,
      "recall": 0.9001315789473684,
      "f1-score": 0.8995858700783533,
      "support": 7600.0
    }
  },
  "actor_critic": {
    "reward_mse": 0.083895742893219,
    "avg_confidence": 0.9636212587356567,
    "avg_confidence_correct": 0.9776842594146729,
    "avg_confidence_incorrect": 0.8368692994117737,
    "confidence_gap": 0.14081496000289917,
    "reward_correlation": 0.41078107404495545
  }
}