{
  "accuracy": 0.9011842105263158,
  "precision": {
    "micro": 0.9011842105263158,
    "macro": 0.9014103140558334,
    "per_class": {
      "worldsportsbusinesssci/tech": 0.9207217058501913
    }
  },
  "recall": {
    "micro": 0.9011842105263158,
    "macro": 0.9011842105263157,
    "per_class": {
      "worldsportsbusinesssci/tech": 0.8863157894736842
    }
  },
  "f1": {
    "micro": 0.9011842105263158,
    "macro": 0.9011466376129366,
    "weighted": 0.9011466376129366,
    "per_class": {
      "worldsportsbusinesssci/tech": 0.9031912040761597
    }
  },
  "support": {
    "worldsportsbusinesssci/tech": 1900
  },
  "confusion_matrix": [
    [
      1684,
      48,
      94,
      74
    ],
    [
      32,
      1841,
      15,
      12
    ],
    [
      63,
      19,
      1634,
      184
    ],
    [
      50,
      19,
      141,
      1690
    ]
  ],
  "class_report": {
    "0": {
      "precision": 0.9207217058501913,
      "recall": 0.8863157894736842,
      "f1-score": 0.9031912040761597,
      "support": 1900.0
    },
    "1": {
      "precision": 0.9553710430721328,
      "recall": 0.9689473684210527,
      "f1-score": 0.9621113143454403,
      "support": 1900.0
    },
    "2": {
      "precision": 0.8673036093418259,
      "recall": 0.86,
      "f1-score": 0.8636363636363638,
      "support": 1900.0
    },
    "3": {
      "precision": 0.8622448979591837,
      "recall": 0.8894736842105263,
      "f1-score": 0.8756476683937824,
      "support": 1900.0
    },
    "accuracy": 0.9011842105263158,
    "macro avg": {
      "precision": 0.9014103140558334,
      "recall": 0.9011842105263157,
      "f1-score": 0.9011466376129366,
      "support": 7600.0
    },
    "weighted avg": {
      "precision": 0.9014103140558335,
      "recall": 0.9011842105263158,
      "f1-score": 0.9011466376129366,
      "support": 7600.0
    }
  },
  "actor_critic": {
    "reward_mse": 0.09098401665687561,
    "avg_confidence": 0.9799345135688782,
    "avg_confidence_correct": 0.9889397025108337,
    "avg_confidence_incorrect": 0.8978086709976196,
    "confidence_gap": 0.09113103151321411,
    "reward_correlation": 0.32945079791002724
  }
}