{
  "accuracy": 0.8921052631578947,
  "precision": {
    "micro": 0.8921052631578947,
    "macro": 0.8929799570889565,
    "per_class": {
      "worldsportsbusinesssci/tech": 0.888265306122449
    }
  },
  "recall": {
    "micro": 0.8921052631578947,
    "macro": 0.8921052631578947,
    "per_class": {
      "worldsportsbusinesssci/tech": 0.9163157894736842
    }
  },
  "f1": {
    "micro": 0.8921052631578947,
    "macro": 0.8923915172453092,
    "weighted": 0.8923915172453091,
    "per_class": {
      "worldsportsbusinesssci/tech": 0.9020725388601036
    }
  },
  "support": {
    "worldsportsbusinesssci/tech": 1900
  },
  "confusion_matrix": [
    [
      1741,
      25,
      65,
      69
    ],
    [
      72,
      1783,
      16,
      29
    ],
    [
      81,
      10,
      1620,
      189
    ],
    [
      66,
      11,
      187,
      1636
    ]
  ],
  "class_report": {
    "0": {
      "precision": 0.888265306122449,
      "recall": 0.9163157894736842,
      "f1-score": 0.9020725388601036,
      "support": 1900.0
    },
    "1": {
      "precision": 0.9748496446145435,
      "recall": 0.9384210526315789,
      "f1-score": 0.9562885492089032,
      "support": 1900.0
    },
    "2": {
      "precision": 0.8580508474576272,
      "recall": 0.8526315789473684,
      "f1-score": 0.8553326293558606,
      "support": 1900.0
    },
    "3": {
      "precision": 0.8507540301612064,
      "recall": 0.8610526315789474,
      "f1-score": 0.8558723515563693,
      "support": 1900.0
    },
    "accuracy": 0.8921052631578947,
    "macro avg": {
      "precision": 0.8929799570889565,
      "recall": 0.8921052631578947,
      "f1-score": 0.8923915172453092,
      "support": 7600.0
    },
    "weighted avg": {
      "precision": 0.8929799570889566,
      "recall": 0.8921052631578947,
      "f1-score": 0.8923915172453091,
      "support": 7600.0
    }
  },
  "actor_critic": {
    "reward_mse": 0.09631022065877914,
    "avg_confidence": 0.9813940525054932,
    "avg_confidence_correct": 0.9899840354919434,
    "avg_confidence_incorrect": 0.9103699922561646,
    "confidence_gap": 0.07961404323577881,
    "reward_correlation": 0.2880045591605908
  }
}