{
  "accuracy": 0.895921052631579,
  "precision": {
    "micro": 0.895921052631579,
    "macro": 0.8961731715194965,
    "per_class": {
      "worldsportsbusinesssci/tech": 0.8608525232729054
    }
  },
  "recall": {
    "micro": 0.895921052631579,
    "macro": 0.8959210526315788,
    "per_class": {
      "worldsportsbusinesssci/tech": 0.9247368421052632
    }
  },
  "f1": {
    "micro": 0.895921052631579,
    "macro": 0.8954963683720392,
    "weighted": 0.895496368372039,
    "per_class": {
      "worldsportsbusinesssci/tech": 0.891651865008881
    }
  },
  "support": {
    "worldsportsbusinesssci/tech": 1900
  },
  "confusion_matrix": [
    [
      1757,
      44,
      59,
      40
    ],
    [
      44,
      1837,
      11,
      8
    ],
    [
      118,
      22,
      1587,
      173
    ],
    [
      122,
      23,
      127,
      1628
    ]
  ],
  "class_report": {
    "0": {
      "precision": 0.8608525232729054,
      "recall": 0.9247368421052632,
      "f1-score": 0.891651865008881,
      "support": 1900.0
    },
    "1": {
      "precision": 0.9537902388369678,
      "recall": 0.966842105263158,
      "f1-score": 0.9602718243596446,
      "support": 1900.0
    },
    "2": {
      "precision": 0.8895739910313901,
      "recall": 0.8352631578947368,
      "f1-score": 0.8615635179153094,
      "support": 1900.0
    },
    "3": {
      "precision": 0.8804759329367225,
      "recall": 0.8568421052631578,
      "f1-score": 0.8684982662043212,
      "support": 1900.0
    },
    "accuracy": 0.895921052631579,
    "macro avg": {
      "precision": 0.8961731715194965,
      "recall": 0.8959210526315788,
      "f1-score": 0.8954963683720392,
      "support": 7600.0
    },
    "weighted avg": {
      "precision": 0.8961731715194965,
      "recall": 0.895921052631579,
      "f1-score": 0.895496368372039,
      "support": 7600.0
    }
  },
  "actor_critic": {
    "reward_mse": 0.09698304533958435,
    "avg_confidence": 0.9781909584999084,
    "avg_confidence_correct": 0.9877008199691772,
    "avg_confidence_incorrect": 0.8963295817375183,
    "confidence_gap": 0.09137123823165894,
    "reward_correlation": 0.2725560853948479
  }
}