{
  "accuracy": 0.8992105263157895,
  "precision": {
    "micro": 0.8992105263157895,
    "macro": 0.8990572192308023,
    "per_class": {
      "worldsportsbusinesssci/tech": 0.914270211611503
    }
  },
  "recall": {
    "micro": 0.8992105263157895,
    "macro": 0.8992105263157895,
    "per_class": {
      "worldsportsbusinesssci/tech": 0.8868421052631579
    }
  },
  "f1": {
    "micro": 0.8992105263157895,
    "macro": 0.8986878746748475,
    "weighted": 0.8986878746748475,
    "per_class": {
      "worldsportsbusinesssci/tech": 0.9003473149879775
    }
  },
  "support": {
    "worldsportsbusinesssci/tech": 1900
  },
  "confusion_matrix": [
    [
      1685,
      82,
      70,
      63
    ],
    [
      14,
      1860,
      15,
      11
    ],
    [
      92,
      23,
      1590,
      195
    ],
    [
      52,
      31,
      118,
      1699
    ]
  ],
  "class_report": {
    "0": {
      "precision": 0.914270211611503,
      "recall": 0.8868421052631579,
      "f1-score": 0.9003473149879775,
      "support": 1900.0
    },
    "1": {
      "precision": 0.9318637274549099,
      "recall": 0.9789473684210527,
      "f1-score": 0.9548254620123204,
      "support": 1900.0
    },
    "2": {
      "precision": 0.886781929726715,
      "recall": 0.8368421052631579,
      "f1-score": 0.8610885458976442,
      "support": 1900.0
    },
    "3": {
      "precision": 0.8633130081300813,
      "recall": 0.8942105263157895,
      "f1-score": 0.8784901758014478,
      "support": 1900.0
    },
    "accuracy": 0.8992105263157895,
    "macro avg": {
      "precision": 0.8990572192308023,
      "recall": 0.8992105263157895,
      "f1-score": 0.8986878746748475,
      "support": 7600.0
    },
    "weighted avg": {
      "precision": 0.8990572192308024,
      "recall": 0.8992105263157895,
      "f1-score": 0.8986878746748475,
      "support": 7600.0
    }
  },
  "actor_critic": {
    "reward_mse": 0.0835576206445694,
    "avg_confidence": 0.9650887846946716,
    "avg_confidence_correct": 0.9778854250907898,
    "avg_confidence_incorrect": 0.8509213924407959,
    "confidence_gap": 0.1269640326499939,
    "reward_correlation": 0.391266210337601
  }
}