{
  "accuracy": 0.8936842105263157,
  "precision": {
    "micro": 0.8936842105263157,
    "macro": 0.8946627047570462,
    "per_class": {
      "worldsportsbusinesssci/tech": 0.9215258855585831
    }
  },
  "recall": {
    "micro": 0.8936842105263157,
    "macro": 0.8936842105263157,
    "per_class": {
      "worldsportsbusinesssci/tech": 0.89
    }
  },
  "f1": {
    "micro": 0.8936842105263157,
    "macro": 0.8939468248816407,
    "weighted": 0.8939468248816406,
    "per_class": {
      "worldsportsbusinesssci/tech": 0.9054886211512718
    }
  },
  "support": {
    "worldsportsbusinesssci/tech": 1900
  },
  "confusion_matrix": [
    [
      1691,
      41,
      86,
      82
    ],
    [
      36,
      1822,
      20,
      22
    ],
    [
      66,
      18,
      1665,
      151
    ],
    [
      42,
      14,
      230,
      1614
    ]
  ],
  "class_report": {
    "0": {
      "precision": 0.9215258855585831,
      "recall": 0.89,
      "f1-score": 0.9054886211512718,
      "support": 1900.0
    },
    "1": {
      "precision": 0.9614775725593667,
      "recall": 0.9589473684210527,
      "f1-score": 0.9602108036890645,
      "support": 1900.0
    },
    "2": {
      "precision": 0.8320839580209896,
      "recall": 0.8763157894736842,
      "f1-score": 0.8536272750576774,
      "support": 1900.0
    },
    "3": {
      "precision": 0.8635634028892456,
      "recall": 0.8494736842105263,
      "f1-score": 0.8564605996285487,
      "support": 1900.0
    },
    "accuracy": 0.8936842105263157,
    "macro avg": {
      "precision": 0.8946627047570462,
      "recall": 0.8936842105263157,
      "f1-score": 0.8939468248816407,
      "support": 7600.0
    },
    "weighted avg": {
      "precision": 0.8946627047570462,
      "recall": 0.8936842105263157,
      "f1-score": 0.8939468248816406,
      "support": 7600.0
    }
  },
  "actor_critic": {
    "reward_mse": 0.09790083765983582,
    "avg_confidence": 0.9844995141029358,
    "avg_confidence_correct": 0.9919106960296631,
    "avg_confidence_incorrect": 0.9222017526626587,
    "confidence_gap": 0.0697089433670044,
    "reward_correlation": 0.3262716700393308
  }
}