{
  "accuracy": 0.8896052631578948,
  "precision": {
    "micro": 0.8896052631578948,
    "macro": 0.8908040446396017,
    "per_class": {
      "worldsportsbusinesssci/tech": 0.896462018730489
    }
  },
  "recall": {
    "micro": 0.8896052631578948,
    "macro": 0.8896052631578948,
    "per_class": {
      "worldsportsbusinesssci/tech": 0.9068421052631579
    }
  },
  "f1": {
    "micro": 0.8896052631578949,
    "macro": 0.8893322797932357,
    "weighted": 0.8893322797932357,
    "per_class": {
      "worldsportsbusinesssci/tech": 0.901622187336473
    }
  },
  "support": {
    "worldsportsbusinesssci/tech": 1900
  },
  "confusion_matrix": [
    [
      1723,
      41,
      100,
      36
    ],
    [
      36,
      1837,
      18,
      9
    ],
    [
      75,
      25,
      1668,
      132
    ],
    [
      88,
      27,
      252,
      1533
    ]
  ],
  "class_report": {
    "0": {
      "precision": 0.896462018730489,
      "recall": 0.9068421052631579,
      "f1-score": 0.901622187336473,
      "support": 1900.0
    },
    "1": {
      "precision": 0.9518134715025907,
      "recall": 0.966842105263158,
      "f1-score": 0.9592689295039164,
      "support": 1900.0
    },
    "2": {
      "precision": 0.8184494602551521,
      "recall": 0.8778947368421053,
      "f1-score": 0.8471305231081767,
      "support": 1900.0
    },
    "3": {
      "precision": 0.8964912280701754,
      "recall": 0.8068421052631579,
      "f1-score": 0.8493074792243767,
      "support": 1900.0
    },
    "accuracy": 0.8896052631578948,
    "macro avg": {
      "precision": 0.8908040446396017,
      "recall": 0.8896052631578948,
      "f1-score": 0.8893322797932357,
      "support": 7600.0
    },
    "weighted avg": {
      "precision": 0.8908040446396018,
      "recall": 0.8896052631578948,
      "f1-score": 0.8893322797932357,
      "support": 7600.0
    }
  },
  "actor_critic": {
    "reward_mse": 0.09768331795930862,
    "avg_confidence": 0.977145254611969,
    "avg_confidence_correct": 0.9876192212104797,
    "avg_confidence_incorrect": 0.8927420973777771,
    "confidence_gap": 0.09487712383270264,
    "reward_correlation": 0.3542475004194165
  }
}