{
  "accuracy": 0.8964473684210527,
  "precision": {
    "micro": 0.8964473684210527,
    "macro": 0.8966912434553301,
    "per_class": {
      "worldsportsbusinesssci/tech": 0.9117959617428267
    }
  },
  "recall": {
    "micro": 0.8964473684210527,
    "macro": 0.8964473684210527,
    "per_class": {
      "worldsportsbusinesssci/tech": 0.9031578947368422
    }
  },
  "f1": {
    "micro": 0.8964473684210527,
    "macro": 0.8965570573397572,
    "weighted": 0.8965570573397573,
    "per_class": {
      "worldsportsbusinesssci/tech": 0.9074563722897938
    }
  },
  "support": {
    "worldsportsbusinesssci/tech": 1900
  },
  "confusion_matrix": [
    [
      1716,
      40,
      72,
      72
    ],
    [
      35,
      1819,
      22,
      24
    ],
    [
      72,
      15,
      1640,
      173
    ],
    [
      59,
      18,
      185,
      1638
    ]
  ],
  "class_report": {
    "0": {
      "precision": 0.9117959617428267,
      "recall": 0.9031578947368422,
      "f1-score": 0.9074563722897938,
      "support": 1900.0
    },
    "1": {
      "precision": 0.9614164904862579,
      "recall": 0.9573684210526315,
      "f1-score": 0.9593881856540085,
      "support": 1900.0
    },
    "2": {
      "precision": 0.8546117769671704,
      "recall": 0.8631578947368421,
      "f1-score": 0.8588635768525792,
      "support": 1900.0
    },
    "3": {
      "precision": 0.8589407446250655,
      "recall": 0.8621052631578947,
      "f1-score": 0.8605200945626477,
      "support": 1900.0
    },
    "accuracy": 0.8964473684210527,
    "macro avg": {
      "precision": 0.8966912434553301,
      "recall": 0.8964473684210527,
      "f1-score": 0.8965570573397572,
      "support": 7600.0
    },
    "weighted avg": {
      "precision": 0.8966912434553301,
      "recall": 0.8964473684210527,
      "f1-score": 0.8965570573397573,
      "support": 7600.0
    }
  },
  "actor_critic": {
    "reward_mse": 0.0943274274468422,
    "avg_confidence": 0.9807229042053223,
    "avg_confidence_correct": 0.9900544881820679,
    "avg_confidence_incorrect": 0.8999395966529846,
    "confidence_gap": 0.09011489152908325,
    "reward_correlation": 0.32812533035995856
  }
}